[{"model": "admin.logentry", "pk": 1, "fields": {"action_time": "2022-02-03T22:41:13.199Z", "user": 1, "content_type": 8, "object_id": "1", "object_repr": "Web", "action_flag": 1, "change_message": "[{\"added\": {}}]"}}, {"model": "admin.logentry", "pk": 2, "fields": {"action_time": "2022-02-03T22:41:17.039Z", "user": 1, "content_type": 8, "object_id": "2", "object_repr": "Mobile", "action_flag": 1, "change_message": "[{\"added\": {}}]"}}, {"model": "admin.logentry", "pk": 3, "fields": {"action_time": "2022-02-03T22:41:24.560Z", "user": 1, "content_type": 8, "object_id": "3", "object_repr": "RestAPI", "action_flag": 1, "change_message": "[{\"added\": {}}]"}}, {"model": "admin.logentry", "pk": 4, "fields": {"action_time": "2022-02-03T22:50:09.044Z", "user": 1, "content_type": 12, "object_id": "1", "object_repr": "Django", "action_flag": 1, "change_message": "[{\"added\": {}}]"}}, {"model": "admin.logentry", "pk": 5, "fields": {"action_time": "2022-02-03T22:50:12.783Z", "user": 1, "content_type": 12, "object_id": "2", "object_repr": "Bootstrap", "action_flag": 1, "change_message": "[{\"added\": {}}]"}}, {"model": "admin.logentry", "pk": 6, "fields": {"action_time": "2022-02-03T22:50:18.354Z", "user": 1, "content_type": 12, "object_id": "3", "object_repr": "PostgreSQL", "action_flag": 1, "change_message": "[{\"added\": {}}]"}}, {"model": "admin.logentry", "pk": 7, "fields": {"action_time": "2022-02-03T22:50:45.788Z", "user": 1, "content_type": 14, "object_id": "1", "object_repr": "Portfolio - Web", "action_flag": 1, "change_message": "[{\"added\": {}}]"}}, {"model": "admin.logentry", "pk": 8, "fields": {"action_time": "2022-02-03T22:51:05.594Z", "user": 1, "content_type": 12, "object_id": "4", "object_repr": "JavaScript ES6", "action_flag": 1, "change_message": "[{\"added\": {}}]"}}, {"model": "admin.logentry", "pk": 9, "fields": {"action_time": "2022-02-03T22:51:12.087Z", "user": 1, "content_type": 12, "object_id": "5", "object_repr": "React Native", "action_flag": 1, "change_message": "[{\"added\": {}}]"}}, {"model": "admin.logentry", "pk": 10, "fields": {"action_time": "2022-02-03T22:51:15.230Z", "user": 1, "content_type": 12, "object_id": "6", "object_repr": "Redux", "action_flag": 1, "change_message": "[{\"added\": {}}]"}}, {"model": "admin.logentry", "pk": 11, "fields": {"action_time": "2022-02-03T22:51:27.731Z", "user": 1, "content_type": 14, "object_id": "2", "object_repr": "eCommerce - Mobile", "action_flag": 1, "change_message": "[{\"added\": {}}]"}}, {"model": "admin.logentry", "pk": 12, "fields": {"action_time": "2022-02-03T22:51:43.023Z", "user": 1, "content_type": 12, "object_id": "7", "object_repr": "Python", "action_flag": 1, "change_message": "[{\"added\": {}}]"}}, {"model": "admin.logentry", "pk": 13, "fields": {"action_time": "2022-02-03T22:51:49.955Z", "user": 1, "content_type": 12, "object_id": "8", "object_repr": "Django Rest Framework", "action_flag": 1, "change_message": "[{\"added\": {}}]"}}, {"model": "admin.logentry", "pk": 14, "fields": {"action_time": "2022-02-03T22:52:03.697Z", "user": 1, "content_type": 14, "object_id": "3", "object_repr": "Movie Rater - RestAPI", "action_flag": 1, "change_message": "[{\"added\": {}}]"}}, {"model": "admin.logentry", "pk": 15, "fields": {"action_time": "2022-02-03T22:58:41.808Z", "user": 1, "content_type": 10, "object_id": "1", "object_repr": "React", "action_flag": 1, "change_message": "[{\"added\": {}}]"}}, {"model": "admin.logentry", "pk": 16, "fields": {"action_time": "2022-02-03T22:58:49.064Z", "user": 1, "content_type": 10, "object_id": "2", "object_repr": "Bootstrap", "action_flag": 1, "change_message": "[{\"added\": {}}]"}}, {"model": "admin.logentry", "pk": 17, "fields": {"action_time": "2022-02-03T22:59:10.564Z", "user": 1, "content_type": 10, "object_id": "3", "object_repr": "Redux", "action_flag": 1, "change_message": "[{\"added\": {}}]"}}, {"model": "admin.logentry", "pk": 18, "fields": {"action_time": "2022-02-03T22:59:27.787Z", "user": 1, "content_type": 10, "object_id": "4", "object_repr": "JS", "action_flag": 1, "change_message": "[{\"added\": {}}]"}}, {"model": "admin.logentry", "pk": 19, "fields": {"action_time": "2022-02-03T22:59:35.930Z", "user": 1, "content_type": 13, "object_id": "1", "object_repr": "Front-End", "action_flag": 1, "change_message": "[{\"added\": {}}]"}}, {"model": "admin.logentry", "pk": 20, "fields": {"action_time": "2022-02-03T23:00:06.773Z", "user": 1, "content_type": 13, "object_id": "2", "object_repr": "Back-End", "action_flag": 1, "change_message": "[{\"added\": {}}]"}}, {"model": "admin.logentry", "pk": 21, "fields": {"action_time": "2022-02-03T23:00:43.413Z", "user": 1, "content_type": 13, "object_id": "3", "object_repr": "Database", "action_flag": 1, "change_message": "[{\"added\": {}}]"}}, {"model": "admin.logentry", "pk": 22, "fields": {"action_time": "2022-02-03T23:01:01.315Z", "user": 1, "content_type": 13, "object_id": "3", "object_repr": "Database", "action_flag": 2, "change_message": "[{\"changed\": {\"fields\": [\"Desc\"]}}]"}}, {"model": "admin.logentry", "pk": 23, "fields": {"action_time": "2022-02-03T23:01:07.199Z", "user": 1, "content_type": 13, "object_id": "2", "object_repr": "Back-End", "action_flag": 2, "change_message": "[{\"changed\": {\"fields\": [\"Desc\"]}}]"}}, {"model": "admin.logentry", "pk": 24, "fields": {"action_time": "2022-02-03T23:01:12.854Z", "user": 1, "content_type": 13, "object_id": "1", "object_repr": "Front-End", "action_flag": 2, "change_message": "[{\"changed\": {\"fields\": [\"Desc\"]}}]"}}, {"model": "admin.logentry", "pk": 25, "fields": {"action_time": "2022-02-03T23:10:07.483Z", "user": 1, "content_type": 11, "object_id": "1", "object_repr": "99", "action_flag": 1, "change_message": "[{\"added\": {}}]"}}, {"model": "admin.logentry", "pk": 26, "fields": {"action_time": "2022-02-03T23:10:16.603Z", "user": 1, "content_type": 11, "object_id": "2", "object_repr": "80", "action_flag": 1, "change_message": "[{\"added\": {}}]"}}, {"model": "admin.logentry", "pk": 27, "fields": {"action_time": "2022-02-03T23:10:27.333Z", "user": 1, "content_type": 11, "object_id": "3", "object_repr": "65", "action_flag": 1, "change_message": "[{\"added\": {}}]"}}, {"model": "admin.logentry", "pk": 28, "fields": {"action_time": "2022-02-03T23:10:35.844Z", "user": 1, "content_type": 11, "object_id": "4", "object_repr": "50", "action_flag": 1, "change_message": "[{\"added\": {}}]"}}, {"model": "admin.logentry", "pk": 29, "fields": {"action_time": "2022-02-03T23:10:48.174Z", "user": 1, "content_type": 11, "object_id": "5", "object_repr": "50", "action_flag": 1, "change_message": "[{\"added\": {}}]"}}, {"model": "admin.logentry", "pk": 30, "fields": {"action_time": "2022-02-03T23:11:11.762Z", "user": 1, "content_type": 11, "object_id": "6", "object_repr": "100", "action_flag": 1, "change_message": "[{\"added\": {}}]"}}, {"model": "admin.logentry", "pk": 31, "fields": {"action_time": "2022-02-03T23:11:37.780Z", "user": 1, "content_type": 9, "object_id": "1", "object_repr": "Filip  Dimitrievski Resume", "action_flag": 1, "change_message": "[{\"added\": {}}]"}}, {"model": "admin.logentry", "pk": 32, "fields": {"action_time": "2022-02-04T00:24:42.878Z", "user": 1, "content_type": 7, "object_id": "1", "object_repr": "filipdimitrievski@protonmail.com", "action_flag": 1, "change_message": "[{\"added\": {}}]"}}, {"model": "admin.logentry", "pk": 33, "fields": {"action_time": "2022-02-04T21:19:43.874Z", "user": 1, "content_type": 13, "object_id": "4", "object_repr": "Certificates", "action_flag": 1, "change_message": "[{\"added\": {}}]"}}, {"model": "admin.logentry", "pk": 34, "fields": {"action_time": "2022-02-04T21:20:02.313Z", "user": 1, "content_type": 13, "object_id": "4", "object_repr": "Certificates", "action_flag": 2, "change_message": "[{\"changed\": {\"fields\": [\"Icon\"]}}]"}}, {"model": "admin.logentry", "pk": 35, "fields": {"action_time": "2022-02-05T17:28:51.662Z", "user": 1, "content_type": 15, "object_id": "1", "object_repr": "Portfolio - Web", "action_flag": 1, "change_message": "[{\"added\": {}}]"}}, {"model": "admin.logentry", "pk": 36, "fields": {"action_time": "2022-02-05T17:28:54.272Z", "user": 1, "content_type": 15, "object_id": "2", "object_repr": "eCommerce - Mobile", "action_flag": 1, "change_message": "[{\"added\": {}}]"}}, {"model": "admin.logentry", "pk": 37, "fields": {"action_time": "2022-02-05T17:28:56.864Z", "user": 1, "content_type": 15, "object_id": "3", "object_repr": "Movie Rater - RestAPI", "action_flag": 1, "change_message": "[{\"added\": {}}]"}}, {"model": "admin.logentry", "pk": 38, "fields": {"action_time": "2022-02-05T17:31:38.469Z", "user": 1, "content_type": 10, "object_id": "5", "object_repr": "HTML, CSS & JS6", "action_flag": 1, "change_message": "[{\"added\": {}}]"}}, {"model": "admin.logentry", "pk": 39, "fields": {"action_time": "2022-02-05T17:32:06.047Z", "user": 1, "content_type": 10, "object_id": "6", "object_repr": "React Native", "action_flag": 1, "change_message": "[{\"added\": {}}]"}}, {"model": "admin.logentry", "pk": 40, "fields": {"action_time": "2022-02-05T17:34:53.119Z", "user": 1, "content_type": 10, "object_id": "7", "object_repr": "Adobe Illustrator", "action_flag": 1, "change_message": "[{\"added\": {}}]"}}, {"model": "admin.logentry", "pk": 41, "fields": {"action_time": "2022-02-05T19:07:18.363Z", "user": 1, "content_type": 13, "object_id": "1", "object_repr": "Front-End", "action_flag": 2, "change_message": "[{\"changed\": {\"fields\": [\"Desc\", \"Icon\", \"Services\"]}}]"}}, {"model": "admin.logentry", "pk": 42, "fields": {"action_time": "2022-02-05T19:08:35.988Z", "user": 1, "content_type": 10, "object_id": "8", "object_repr": "Python", "action_flag": 1, "change_message": "[{\"added\": {}}]"}}, {"model": "admin.logentry", "pk": 43, "fields": {"action_time": "2022-02-05T19:08:50.962Z", "user": 1, "content_type": 10, "object_id": "9", "object_repr": "Django", "action_flag": 1, "change_message": "[{\"added\": {}}]"}}, {"model": "admin.logentry", "pk": 44, "fields": {"action_time": "2022-02-05T19:09:03.627Z", "user": 1, "content_type": 10, "object_id": "10", "object_repr": "Django", "action_flag": 1, "change_message": "[{\"added\": {}}]"}}, {"model": "admin.logentry", "pk": 45, "fields": {"action_time": "2022-02-05T19:09:14.929Z", "user": 1, "content_type": 10, "object_id": "9", "object_repr": "Django", "action_flag": 3, "change_message": ""}}, {"model": "admin.logentry", "pk": 46, "fields": {"action_time": "2022-02-05T19:10:08.840Z", "user": 1, "content_type": 10, "object_id": "11", "object_repr": "Django", "action_flag": 1, "change_message": "[{\"added\": {}}]"}}, {"model": "admin.logentry", "pk": 47, "fields": {"action_time": "2022-02-05T19:10:26.216Z", "user": 1, "content_type": 10, "object_id": "11", "object_repr": "Django", "action_flag": 3, "change_message": ""}}, {"model": "admin.logentry", "pk": 48, "fields": {"action_time": "2022-02-05T19:10:51.888Z", "user": 1, "content_type": 10, "object_id": "12", "object_repr": "Django", "action_flag": 1, "change_message": "[{\"added\": {}}]"}}, {"model": "admin.logentry", "pk": 49, "fields": {"action_time": "2022-02-05T19:11:05.355Z", "user": 1, "content_type": 10, "object_id": "13", "object_repr": "Django Rest Framework", "action_flag": 1, "change_message": "[{\"added\": {}}]"}}, {"model": "admin.logentry", "pk": 50, "fields": {"action_time": "2022-02-05T19:11:11.220Z", "user": 1, "content_type": 10, "object_id": "14", "object_repr": "Linux", "action_flag": 1, "change_message": "[{\"added\": {}}]"}}, {"model": "admin.logentry", "pk": 51, "fields": {"action_time": "2022-02-05T19:11:23.234Z", "user": 1, "content_type": 10, "object_id": "15", "object_repr": "Nginx & Gunicorn", "action_flag": 1, "change_message": "[{\"added\": {}}]"}}, {"model": "admin.logentry", "pk": 52, "fields": {"action_time": "2022-02-05T19:11:28.193Z", "user": 1, "content_type": 10, "object_id": "16", "object_repr": "Heroku", "action_flag": 1, "change_message": "[{\"added\": {}}]"}}, {"model": "admin.logentry", "pk": 53, "fields": {"action_time": "2022-02-05T19:11:32.458Z", "user": 1, "content_type": 10, "object_id": "17", "object_repr": "Git", "action_flag": 1, "change_message": "[{\"added\": {}}]"}}, {"model": "admin.logentry", "pk": 54, "fields": {"action_time": "2022-02-05T19:11:58.797Z", "user": 1, "content_type": 10, "object_id": "18", "object_repr": "Travis CI", "action_flag": 1, "change_message": "[{\"added\": {}}]"}}, {"model": "admin.logentry", "pk": 55, "fields": {"action_time": "2022-02-05T19:12:06.380Z", "user": 1, "content_type": 10, "object_id": "19", "object_repr": "Docker & Vagrant", "action_flag": 1, "change_message": "[{\"added\": {}}]"}}, {"model": "admin.logentry", "pk": 56, "fields": {"action_time": "2022-02-05T19:12:11.302Z", "user": 1, "content_type": 13, "object_id": "2", "object_repr": "Back-End", "action_flag": 2, "change_message": "[{\"changed\": {\"fields\": [\"Desc\", \"Services\"]}}]"}}, {"model": "admin.logentry", "pk": 57, "fields": {"action_time": "2022-02-05T19:12:42.637Z", "user": 1, "content_type": 13, "object_id": "2", "object_repr": "Back-End", "action_flag": 2, "change_message": "[{\"changed\": {\"fields\": [\"Icon\"]}}]"}}, {"model": "admin.logentry", "pk": 58, "fields": {"action_time": "2022-02-05T19:13:52.289Z", "user": 1, "content_type": 10, "object_id": "20", "object_repr": "PostgreSQL", "action_flag": 1, "change_message": "[{\"added\": {}}]"}}, {"model": "admin.logentry", "pk": 59, "fields": {"action_time": "2022-02-05T19:14:00.363Z", "user": 1, "content_type": 10, "object_id": "21", "object_repr": "SQL", "action_flag": 1, "change_message": "[{\"added\": {}}]"}}, {"model": "admin.logentry", "pk": 60, "fields": {"action_time": "2022-02-05T19:14:04.138Z", "user": 1, "content_type": 13, "object_id": "3", "object_repr": "Database", "action_flag": 2, "change_message": "[{\"changed\": {\"fields\": [\"Desc\", \"Icon\", \"Services\"]}}]"}}, {"model": "admin.logentry", "pk": 61, "fields": {"action_time": "2022-02-05T19:15:35.439Z", "user": 1, "content_type": 10, "object_id": "22", "object_repr": "TestOut Network Pro", "action_flag": 1, "change_message": "[{\"added\": {}}]"}}, {"model": "admin.logentry", "pk": 62, "fields": {"action_time": "2022-02-05T19:16:17.865Z", "user": 1, "content_type": 10, "object_id": "23", "object_repr": "Microsoft Office Specialist 13", "action_flag": 1, "change_message": "[{\"added\": {}}]"}}, {"model": "admin.logentry", "pk": 63, "fields": {"action_time": "2022-02-05T19:16:20.235Z", "user": 1, "content_type": 13, "object_id": "4", "object_repr": "Certificates", "action_flag": 2, "change_message": "[{\"changed\": {\"fields\": [\"Desc\", \"Icon\", \"Services\"]}}]"}}, {"model": "admin.logentry", "pk": 64, "fields": {"action_time": "2022-02-05T19:17:48.075Z", "user": 1, "content_type": 13, "object_id": "4", "object_repr": "Certificates", "action_flag": 2, "change_message": "[]"}}, {"model": "admin.logentry", "pk": 65, "fields": {"action_time": "2022-02-05T19:17:55.353Z", "user": 1, "content_type": 10, "object_id": "23", "object_repr": "Microsoft Office Specialist 2013", "action_flag": 2, "change_message": "[{\"changed\": {\"fields\": [\"Title\"]}}]"}}, {"model": "admin.logentry", "pk": 66, "fields": {"action_time": "2022-02-05T19:29:53.690Z", "user": 1, "content_type": 16, "object_id": "1", "object_repr": "Python", "action_flag": 1, "change_message": "[{\"added\": {}}]"}}, {"model": "admin.logentry", "pk": 67, "fields": {"action_time": "2022-02-05T19:29:56.392Z", "user": 1, "content_type": 16, "object_id": "2", "object_repr": "Django Rest Framework", "action_flag": 1, "change_message": "[{\"added\": {}}]"}}, {"model": "admin.logentry", "pk": 68, "fields": {"action_time": "2022-02-05T19:30:00.829Z", "user": 1, "content_type": 16, "object_id": "3", "object_repr": "Linux", "action_flag": 1, "change_message": "[{\"added\": {}}]"}}, {"model": "admin.logentry", "pk": 69, "fields": {"action_time": "2022-02-05T19:30:05.502Z", "user": 1, "content_type": 16, "object_id": "4", "object_repr": "Git", "action_flag": 1, "change_message": "[{\"added\": {}}]"}}, {"model": "admin.logentry", "pk": 70, "fields": {"action_time": "2022-02-05T21:54:35.009Z", "user": 1, "content_type": 7, "object_id": "1", "object_repr": "filipdimitrievski@protonmail.com", "action_flag": 3, "change_message": ""}}, {"model": "admin.logentry", "pk": 71, "fields": {"action_time": "2022-02-05T21:55:25.447Z", "user": 1, "content_type": 7, "object_id": "2", "object_repr": "filipdimitrievski@protonmail.com", "action_flag": 1, "change_message": "[{\"added\": {}}]"}}, {"model": "admin.logentry", "pk": 72, "fields": {"action_time": "2022-02-05T22:00:53.993Z", "user": 1, "content_type": 7, "object_id": "2", "object_repr": "filipdimitrievski@protonmail.com", "action_flag": 2, "change_message": "[{\"changed\": {\"fields\": [\"Summary\"]}}]"}}, {"model": "auth.permission", "pk": 1, "fields": {"name": "Can add log entry", "content_type": 1, "codename": "add_logentry"}}, {"model": "auth.permission", "pk": 2, "fields": {"name": "Can change log entry", "content_type": 1, "codename": "change_logentry"}}, {"model": "auth.permission", "pk": 3, "fields": {"name": "Can delete log entry", "content_type": 1, "codename": "delete_logentry"}}, {"model": "auth.permission", "pk": 4, "fields": {"name": "Can view log entry", "content_type": 1, "codename": "view_logentry"}}, {"model": "auth.permission", "pk": 5, "fields": {"name": "Can add permission", "content_type": 2, "codename": "add_permission"}}, {"model": "auth.permission", "pk": 6, "fields": {"name": "Can change permission", "content_type": 2, "codename": "change_permission"}}, {"model": "auth.permission", "pk": 7, "fields": {"name": "Can delete permission", "content_type": 2, "codename": "delete_permission"}}, {"model": "auth.permission", "pk": 8, "fields": {"name": "Can view permission", "content_type": 2, "codename": "view_permission"}}, {"model": "auth.permission", "pk": 9, "fields": {"name": "Can add group", "content_type": 3, "codename": "add_group"}}, {"model": "auth.permission", "pk": 10, "fields": {"name": "Can change group", "content_type": 3, "codename": "change_group"}}, {"model": "auth.permission", "pk": 11, "fields": {"name": "Can delete group", "content_type": 3, "codename": "delete_group"}}, {"model": "auth.permission", "pk": 12, "fields": {"name": "Can view group", "content_type": 3, "codename": "view_group"}}, {"model": "auth.permission", "pk": 13, "fields": {"name": "Can add user", "content_type": 4, "codename": "add_user"}}, {"model": "auth.permission", "pk": 14, "fields": {"name": "Can change user", "content_type": 4, "codename": "change_user"}}, {"model": "auth.permission", "pk": 15, "fields": {"name": "Can delete user", "content_type": 4, "codename": "delete_user"}}, {"model": "auth.permission", "pk": 16, "fields": {"name": "Can view user", "content_type": 4, "codename": "view_user"}}, {"model": "auth.permission", "pk": 17, "fields": {"name": "Can add content type", "content_type": 5, "codename": "add_contenttype"}}, {"model": "auth.permission", "pk": 18, "fields": {"name": "Can change content type", "content_type": 5, "codename": "change_contenttype"}}, {"model": "auth.permission", "pk": 19, "fields": {"name": "Can delete content type", "content_type": 5, "codename": "delete_contenttype"}}, {"model": "auth.permission", "pk": 20, "fields": {"name": "Can view content type", "content_type": 5, "codename": "view_contenttype"}}, {"model": "auth.permission", "pk": 21, "fields": {"name": "Can add session", "content_type": 6, "codename": "add_session"}}, {"model": "auth.permission", "pk": 22, "fields": {"name": "Can change session", "content_type": 6, "codename": "change_session"}}, {"model": "auth.permission", "pk": 23, "fields": {"name": "Can delete session", "content_type": 6, "codename": "delete_session"}}, {"model": "auth.permission", "pk": 24, "fields": {"name": "Can view session", "content_type": 6, "codename": "view_session"}}, {"model": "auth.permission", "pk": 25, "fields": {"name": "Can add contact", "content_type": 7, "codename": "add_contact"}}, {"model": "auth.permission", "pk": 26, "fields": {"name": "Can change contact", "content_type": 7, "codename": "change_contact"}}, {"model": "auth.permission", "pk": 27, "fields": {"name": "Can delete contact", "content_type": 7, "codename": "delete_contact"}}, {"model": "auth.permission", "pk": 28, "fields": {"name": "Can view contact", "content_type": 7, "codename": "view_contact"}}, {"model": "auth.permission", "pk": 29, "fields": {"name": "Can add project category", "content_type": 8, "codename": "add_projectcategory"}}, {"model": "auth.permission", "pk": 30, "fields": {"name": "Can change project category", "content_type": 8, "codename": "change_projectcategory"}}, {"model": "auth.permission", "pk": 31, "fields": {"name": "Can delete project category", "content_type": 8, "codename": "delete_projectcategory"}}, {"model": "auth.permission", "pk": 32, "fields": {"name": "Can view project category", "content_type": 8, "codename": "view_projectcategory"}}, {"model": "auth.permission", "pk": 33, "fields": {"name": "Can add resume", "content_type": 9, "codename": "add_resume"}}, {"model": "auth.permission", "pk": 34, "fields": {"name": "Can change resume", "content_type": 9, "codename": "change_resume"}}, {"model": "auth.permission", "pk": 35, "fields": {"name": "Can delete resume", "content_type": 9, "codename": "delete_resume"}}, {"model": "auth.permission", "pk": 36, "fields": {"name": "Can view resume", "content_type": 9, "codename": "view_resume"}}, {"model": "auth.permission", "pk": 37, "fields": {"name": "Can add service", "content_type": 10, "codename": "add_service"}}, {"model": "auth.permission", "pk": 38, "fields": {"name": "Can change service", "content_type": 10, "codename": "change_service"}}, {"model": "auth.permission", "pk": 39, "fields": {"name": "Can delete service", "content_type": 10, "codename": "delete_service"}}, {"model": "auth.permission", "pk": 40, "fields": {"name": "Can view service", "content_type": 10, "codename": "view_service"}}, {"model": "auth.permission", "pk": 41, "fields": {"name": "Can add skill", "content_type": 11, "codename": "add_skill"}}, {"model": "auth.permission", "pk": 42, "fields": {"name": "Can change skill", "content_type": 11, "codename": "change_skill"}}, {"model": "auth.permission", "pk": 43, "fields": {"name": "Can delete skill", "content_type": 11, "codename": "delete_skill"}}, {"model": "auth.permission", "pk": 44, "fields": {"name": "Can view skill", "content_type": 11, "codename": "view_skill"}}, {"model": "auth.permission", "pk": 45, "fields": {"name": "Can add tech", "content_type": 12, "codename": "add_tech"}}, {"model": "auth.permission", "pk": 46, "fields": {"name": "Can change tech", "content_type": 12, "codename": "change_tech"}}, {"model": "auth.permission", "pk": 47, "fields": {"name": "Can delete tech", "content_type": 12, "codename": "delete_tech"}}, {"model": "auth.permission", "pk": 48, "fields": {"name": "Can view tech", "content_type": 12, "codename": "view_tech"}}, {"model": "auth.permission", "pk": 49, "fields": {"name": "Can add service category", "content_type": 13, "codename": "add_servicecategory"}}, {"model": "auth.permission", "pk": 50, "fields": {"name": "Can change service category", "content_type": 13, "codename": "change_servicecategory"}}, {"model": "auth.permission", "pk": 51, "fields": {"name": "Can delete service category", "content_type": 13, "codename": "delete_servicecategory"}}, {"model": "auth.permission", "pk": 52, "fields": {"name": "Can view service category", "content_type": 13, "codename": "view_servicecategory"}}, {"model": "auth.permission", "pk": 53, "fields": {"name": "Can add project", "content_type": 14, "codename": "add_project"}}, {"model": "auth.permission", "pk": 54, "fields": {"name": "Can change project", "content_type": 14, "codename": "change_project"}}, {"model": "auth.permission", "pk": 55, "fields": {"name": "Can delete project", "content_type": 14, "codename": "delete_project"}}, {"model": "auth.permission", "pk": 56, "fields": {"name": "Can view project", "content_type": 14, "codename": "view_project"}}, {"model": "auth.permission", "pk": 57, "fields": {"name": "Can add featured project", "content_type": 15, "codename": "add_featuredproject"}}, {"model": "auth.permission", "pk": 58, "fields": {"name": "Can change featured project", "content_type": 15, "codename": "change_featuredproject"}}, {"model": "auth.permission", "pk": 59, "fields": {"name": "Can delete featured project", "content_type": 15, "codename": "delete_featuredproject"}}, {"model": "auth.permission", "pk": 60, "fields": {"name": "Can view featured project", "content_type": 15, "codename": "view_featuredproject"}}, {"model": "auth.permission", "pk": 61, "fields": {"name": "Can add tech logo", "content_type": 16, "codename": "add_techlogo"}}, {"model": "auth.permission", "pk": 62, "fields": {"name": "Can change tech logo", "content_type": 16, "codename": "change_techlogo"}}, {"model": "auth.permission", "pk": 63, "fields": {"name": "Can delete tech logo", "content_type": 16, "codename": "delete_techlogo"}}, {"model": "auth.permission", "pk": 64, "fields": {"name": "Can view tech logo", "content_type": 16, "codename": "view_techlogo"}}, {"model": "auth.user", "pk": 1, "fields": {"password": "pbkdf2_sha256$260000$QkHcrKnX69dRaTT3eBlCJa$6dDi+0O+9ExuESkAJFDGpBCDwFokV3W2WVGKe0lBJr4=", "last_login": "2022-02-05T17:26:42.451Z", "is_superuser": true, "username": "filip", "first_name": "", "last_name": "", "email": "", "is_staff": true, "is_active": true, "date_joined": "2022-02-03T20:13:40.662Z", "groups": [], "user_permissions": []}}, {"model": "contenttypes.contenttype", "pk": 1, "fields": {"app_label": "admin", "model": "logentry"}}, {"model": "contenttypes.contenttype", "pk": 2, "fields": {"app_label": "auth", "model": "permission"}}, {"model": "contenttypes.contenttype", "pk": 3, "fields": {"app_label": "auth", "model": "group"}}, {"model": "contenttypes.contenttype", "pk": 4, "fields": {"app_label": "auth", "model": "user"}}, {"model": "contenttypes.contenttype", "pk": 5, "fields": {"app_label": "contenttypes", "model": "contenttype"}}, {"model": "contenttypes.contenttype", "pk": 6, "fields": {"app_label": "sessions", "model": "session"}}, {"model": "contenttypes.contenttype", "pk": 7, "fields": {"app_label": "core", "model": "contact"}}, {"model": "contenttypes.contenttype", "pk": 8, "fields": {"app_label": "core", "model": "projectcategory"}}, {"model": "contenttypes.contenttype", "pk": 9, "fields": {"app_label": "core", "model": "resume"}}, {"model": "contenttypes.contenttype", "pk": 10, "fields": {"app_label": "core", "model": "service"}}, {"model": "contenttypes.contenttype", "pk": 11, "fields": {"app_label": "core", "model": "skill"}}, {"model": "contenttypes.contenttype", "pk": 12, "fields": {"app_label": "core", "model": "tech"}}, {"model": "contenttypes.contenttype", "pk": 13, "fields": {"app_label": "core", "model": "servicecategory"}}, {"model": "contenttypes.contenttype", "pk": 14, "fields": {"app_label": "core", "model": "project"}}, {"model": "contenttypes.contenttype", "pk": 15, "fields": {"app_label": "core", "model": "featuredproject"}}, {"model": "contenttypes.contenttype", "pk": 16, "fields": {"app_label": "core", "model": "techlogo"}}, {"model": "sessions.session", "pk": "9mixxcktpxqfue82t9qo4jaut2o4nibx", "fields": {"session_data": ".eJxVjEEOwiAQRe_C2pBCocy4dN8zkJkBpWpoUtqV8e7apAvd_vfef6lI21ri1vISp6TOyqjT78Ykj1x3kO5Ub7OWua7LxHpX9EGbHueUn5fD_Tso1Mq3DgYIPaMgoDWYjfXEA3hy1rJ0bDgheHHYy9D1OYBYd3VM0EOiwEG9P8lzN4E:1nGOpe:pWbYtKy3Fb3moMw0ide8wBWC4hPUdauCiI2-B_ja-WU", "expire_date": "2022-02-19T17:26:42.452Z"}}, {"model": "core.projectcategory", "pk": 1, "fields": {"title": "Web"}}, {"model": "core.projectcategory", "pk": 2, "fields": {"title": "Mobile"}}, {"model": "core.projectcategory", "pk": 3, "fields": {"title": "RestAPI"}}, {"model": "core.tech", "pk": 1, "fields": {"title": "Django"}}, {"model": "core.tech", "pk": 2, "fields": {"title": "Bootstrap"}}, {"model": "core.tech", "pk": 3, "fields": {"title": "PostgreSQL"}}, {"model": "core.tech", "pk": 4, "fields": {"title": "JavaScript ES6"}}, {"model": "core.tech", "pk": 5, "fields": {"title": "React Native"}}, {"model": "core.tech", "pk": 6, "fields": {"title": "Redux"}}, {"model": "core.tech", "pk": 7, "fields": {"title": "Python"}}, {"model": "core.tech", "pk": 8, "fields": {"title": "Django Rest Framework"}}, {"model": "core.project", "pk": 1, "fields": {"projectCategory": 1, "title": "Portfolio", "summary": "of Letraset sheets containing Lorem Ipsum passages, and more recently with desktop publishing software like Aldus PageMaker including versions of Lorem Ipsum", "desc": "Lorem Ipsum is simply dummy text of the printing and typesetting industry. Lorem Ipsum has been the industry's standard dummy text ever since the 1500s, when an unknown printer took a galley of type and scrambled it to make a type specimen book. It has survived not only five centuries, but also the leap into electronic typesetting, remaining essentially unchanged. It was popularised in the 1960s with the release of Letraset sheets containing Lorem Ipsum passages, and more recently with desktop publishing software like Aldus PageMaker including versions of Lorem Ipsum", "codeLink": "https://github.com/FilipDimi/profiles-rest-api", "viewLink": "https://github.com/FilipDimi/profiles-rest-api", "techs": [1, 2, 3]}}, {"model": "core.project", "pk": 2, "fields": {"projectCategory": 2, "title": "eCommerce", "summary": "of Letraset sheets containing Lorem Ipsum passages, and more recently with desktop publishing software like Aldus PageMaker including versions of Lorem Ipsum", "desc": "Lorem Ipsum is simply dummy text of the printing and typesetting industry. Lorem Ipsum has been the industry's standard dummy text ever since the 1500s, when an unknown printer took a galley of type and scrambled it to make a type specimen book. It has survived not only five centuries, but also the leap into electronic typesetting, remaining essentially unchanged. It was popularised in the 1960s with the release of Letraset sheets containing Lorem Ipsum passages, and more recently with desktop publishing software like Aldus PageMaker including versions of Lorem Ipsum", "codeLink": "https://github.com/FilipDimi/profiles-rest-api", "viewLink": "https://github.com/FilipDimi/profiles-rest-api", "techs": [4, 5, 6]}}, {"model": "core.project", "pk": 3, "fields": {"projectCategory": 3, "title": "Movie Rater", "summary": "of Letraset sheets containing Lorem Ipsum passages, and more recently with desktop publishing software like Aldus PageMaker including versions of Lorem Ipsum", "desc": "Lorem Ipsum is simply dummy text of the printing and typesetting industry. Lorem Ipsum has been the industry's standard dummy text ever since the 1500s, when an unknown printer took a galley of type and scrambled it to make a type specimen book. It has survived not only five centuries, but also the leap into electronic typesetting, remaining essentially unchanged. It was popularised in the 1960s with the release of Letraset sheets containing Lorem Ipsum passages, and more recently with desktop publishing software like Aldus PageMaker including versions of Lorem Ipsum", "codeLink": "https://github.com/FilipDimi/profiles-rest-api", "viewLink": "https://github.com/FilipDimi/profiles-rest-api", "techs": [1, 3, 7, 8]}}, {"model": "core.featuredproject", "pk": 1, "fields": {"project": 1}}, {"model": "core.featuredproject", "pk": 2, "fields": {"project": 2}}, {"model": "core.featuredproject", "pk": 3, "fields": {"project": 3}}, {"model": "core.skill", "pk": 1, "fields": {"title": "Python", "percentage": 99}}, {"model": "core.skill", "pk": 2, "fields": {"title": "Django", "percentage": 80}}, {"model": "core.skill", "pk": 3, "fields": {"title": "Django Rest Framework", "percentage": 65}}, {"model": "core.skill", "pk": 4, "fields": {"title": "React", "percentage": 50}}, {"model": "core.skill", "pk": 5, "fields": {"title": "React Native", "percentage": 50}}, {"model": "core.skill", "pk": 6, "fields": {"title": "Bootstrap", "percentage": 100}}, {"model": "core.resume", "pk": 1, "fields": {"developer": "Filip  Dimitrievski", "resume": "uploads/imm5257e.pdf"}}, {"model": "core.service", "pk": 1, "fields": {"title": "React"}}, {"model": "core.service", "pk": 2, "fields": {"title": "Bootstrap"}}, {"model": "core.service", "pk": 3, "fields": {"title": "Redux"}}, {"model": "core.service", "pk": 4, "fields": {"title": "JS"}}, {"model": "core.service", "pk": 5, "fields": {"title": "HTML, CSS & JS6"}}, {"model": "core.service", "pk": 6, "fields": {"title": "React Native"}}, {"model": "core.service", "pk": 7, "fields": {"title": "Adobe Illustrator"}}, {"model": "core.service", "pk": 8, "fields": {"title": "Python"}}, {"model": "core.service", "pk": 10, "fields": {"title": "Django"}}, {"model": "core.service", "pk": 12, "fields": {"title": "Django"}}, {"model": "core.service", "pk": 13, "fields": {"title": "Django Rest Framework"}}, {"model": "core.service", "pk": 14, "fields": {"title": "Linux"}}, {"model": "core.service", "pk": 15, "fields": {"title": "Nginx & Gunicorn"}}, {"model": "core.service", "pk": 16, "fields": {"title": "Heroku"}}, {"model": "core.service", "pk": 17, "fields": {"title": "Git"}}, {"model": "core.service", "pk": 18, "fields": {"title": "Travis CI"}}, {"model": "core.service", "pk": 19, "fields": {"title": "Docker & Vagrant"}}, {"model": "core.service", "pk": 20, "fields": {"title": "PostgreSQL"}}, {"model": "core.service", "pk": 21, "fields": {"title": "SQL"}}, {"model": "core.service", "pk": 22, "fields": {"title": "TestOut Network Pro"}}, {"model": "core.service", "pk": 23, "fields": {"title": "Microsoft Office Specialist 2013"}}, {"model": "core.techlogo", "pk": 1, "fields": {"title": "Python"}}, {"model": "core.techlogo", "pk": 2, "fields": {"title": "Django Rest Framework"}}, {"model": "core.techlogo", "pk": 3, "fields": {"title": "Linux"}}, {"model": "core.techlogo", "pk": 4, "fields": {"title": "Git"}}, {"model": "core.servicecategory", "pk": 1, "fields": {"title": "Front-End", "desc": "Although my main focus is backend processes, I still create beautiful & straightforward designs", "icon": "bi-display", "services": [1, 2, 5, 6, 7]}}, {"model": "core.servicecategory", "pk": 2, "fields": {"title": "Back-End", "desc": "If you are looking for a well documented restAPI built in TDD environment, you came to the right place", "icon": "bi-terminal", "services": [8, 12, 13, 14, 15, 16, 17, 18, 19]}}, {"model": "core.servicecategory", "pk": 3, "fields": {"title": "Database", "desc": "Normalized Database is the major part of organized & efficient data", "icon": "bi-server", "services": [20, 21]}}, {"model": "core.servicecategory", "pk": 4, "fields": {"title": "Certificates", "desc": "Being developer means you never stop learning", "icon": "bi-stickies", "services": [22, 23]}}, {"model": "core.contact", "pk": 2, "fields": {"summary": "If you have any questions, please feel free to drop me a line. If you don't get an answer immediately, I might just be traveling through the middle of coding. I'll get back to you as soon as I can. That's a promise!", "address": "Macomb, MI", "phone": "+1 (586) 646-6402", "email": "filipdimitrievski@protonmail.com"}}]